{
  "format": {
    "name": "block_tq3_3_cold",
    "elements_per_block": 64,
    "bytes_per_block": 18,
    "bytes_per_element": 0.28125,
    "bpw": 2.25,
    "fallback_format": "TQ2_0 (10 B / 32 elem = 20 B / 64 elem)",
    "raw_bandwidth_saving_pct_vs_tq2_0": 10.0
  },
  "global_mse_gate": 1.0843501153450015,
  "per_distribution": [
    {
      "distribution": "gauss",
      "n_blocks": 8000,
      "cold_mse_mean": 0.2547359212287604,
      "cold_mse_p50": 0.23943176393027438,
      "cold_mse_p90": 0.35683105664273934,
      "cold_mse_p99": 0.5134132256789354,
      "tq2_0_mse_mean": 0.2070853946588584,
      "tq2_0_mse_p99": 0.36792562258618405,
      "mse_gate": 0.36792562258618405,
      "fallback_rate": 0.08499999999999996,
      "kept_cold_mse_mean": 0.23780842615639422,
      "kept_cold_mse_max": 0.3678870231249556,
      "avg_bytes_per_64": 18.169999999999998,
      "bytes_saved_vs_tq2_0_pct": 9.15000000000001,
      "fallback_rate_global_gate": 0.0,
      "kept_cold_mse_mean_global": 0.2552998615689753,
      "kept_cold_mse_max_global": 0.867309785807132,
      "avg_bytes_per_64_global": 18.0,
      "bytes_saved_vs_tq2_0_pct_global": 10.0
    },
    {
      "distribution": "laplace",
      "n_blocks": 8000,
      "cold_mse_mean": 0.5555668045759888,
      "cold_mse_p50": 0.48153284789710216,
      "cold_mse_p90": 0.9097361306953026,
      "cold_mse_p99": 1.6362677713353404,
      "tq2_0_mse_mean": 0.3996609116437212,
      "tq2_0_mse_p99": 0.95272725824298,
      "mse_gate": 0.95272725824298,
      "fallback_rate": 0.08550000000000002,
      "kept_cold_mse_mean": 0.48984063702533454,
      "kept_cold_mse_max": 0.9517986633917193,
      "avg_bytes_per_64": 18.171,
      "bytes_saved_vs_tq2_0_pct": 9.145000000000003,
      "fallback_rate_global_gate": 0.06062500000000004,
      "kept_cold_mse_mean_global": 0.5090266872056342,
      "kept_cold_mse_max_global": 1.0837349822796472,
      "avg_bytes_per_64_global": 18.12125,
      "bytes_saved_vs_tq2_0_pct_global": 9.39375
    },
    {
      "distribution": "mix",
      "n_blocks": 8000,
      "cold_mse_mean": 0.3197081382989898,
      "cold_mse_p50": 0.24839434795563253,
      "cold_mse_p90": 0.43903813768613764,
      "cold_mse_p99": 1.948542246261708,
      "tq2_0_mse_mean": 0.24279933135487416,
      "tq2_0_mse_p99": 1.0843501153450015,
      "mse_gate": 1.0843501153450015,
      "fallback_rate": 0.024499999999999966,
      "kept_cold_mse_mean": 0.2768803464828431,
      "kept_cold_mse_max": 1.082133904646287,
      "avg_bytes_per_64": 18.049,
      "bytes_saved_vs_tq2_0_pct": 9.755000000000003,
      "fallback_rate_global_gate": 0.027375000000000038,
      "kept_cold_mse_mean_global": 0.278997602925728,
      "kept_cold_mse_max_global": 1.084046637855928,
      "avg_bytes_per_64_global": 18.05475,
      "bytes_saved_vs_tq2_0_pct_global": 9.726250000000007
    },
    {
      "distribution": "skew",
      "n_blocks": 8000,
      "cold_mse_mean": 0.2549219362827848,
      "cold_mse_p50": 0.2388056874144293,
      "cold_mse_p90": 0.3589182118141988,
      "cold_mse_p99": 0.5218263749089144,
      "tq2_0_mse_mean": 0.2070441006541949,
      "tq2_0_mse_p99": 0.37211831835200393,
      "mse_gate": 0.37211831835200393,
      "fallback_rate": 0.08237499999999998,
      "kept_cold_mse_mean": 0.23814709773332143,
      "kept_cold_mse_max": 0.3718581635603173,
      "avg_bytes_per_64": 18.16475,
      "bytes_saved_vs_tq2_0_pct": 9.176249999999992,
      "fallback_rate_global_gate": 0.00012500000000004174,
      "kept_cold_mse_mean_global": 0.25517398970070754,
      "kept_cold_mse_max_global": 0.8824549520721884,
      "avg_bytes_per_64_global": 18.00025,
      "bytes_saved_vs_tq2_0_pct_global": 9.998749999999994
    }
  ]
}